2019-12-12, 0.5
2019-10-24, 0.1
2019-10-05, 0.0625
2019-10-04, 0.016666666666666666
2019-09-27, 0.08686868686868687
2019-09-05, -0.1125
2019-08-08, 0.0
2019-07-25, 0.0
2019-06-10, 0.0
2019-05-22, 0.5
2019-05-06, 0.0
2019-04-17, 0.0
2019-04-16, 0.0
2019-02-21, 0.0
2019-01-28, 0.0
2019-01-10, 0.0
2019-01-08, -0.03571428571428571
2018-12-05, 0.35
2018-12-04, 1.0
2018-11-22, -0.1125
2018-11-19, 0.0
2018-11-15, 0.0
2018-11-12, -0.4
2018-10-30, 0.0
2018-10-10, 0.0
2018-10-09, 0.06818181818181818
2018-10-05, 0.0
2018-10-02, 0.06818181818181818
2018-09-25, 0.225
2018-09-24, 0.03409090909090909
2018-09-19, 0.0
2018-09-12, 0.0
2018-09-06, 0.0
2018-08-22, 0.06818181818181818
2018-08-21, -0.8
2018-08-07, 0.0
2018-07-17, 0.0
2018-06-28, 0.0
2018-06-25, 0.0
2018-06-17, -0.10714285714285715
2018-06-14, 0.0
2018-06-13, 0.0
2018-05-30, 0.16
2018-05-25, 0.5
2018-05-23, 0.0
2018-05-03, -0.16666666666666666
2018-04-19, 0.0
2018-04-17, -0.05
2018-04-15, 0.0
2018-03-20, 0.0
2018-03-13, -0.0625
2018-03-06, -0.05625
2018-03-05, 0.0
2018-02-26, 0.0
2018-02-15, -0.1
2018-02-01, 0.0
2018-01-29, 0.0
2018-01-17, 0.25
2018-01-10, 0.0
2018-01-08, 0.0
2018-01-05, 0.2
2017-12-07, 0.375
2017-11-27, 0.5
2017-11-22, 0.0
2017-11-21, 0.0
2017-11-07, 0.30000000000000004
2017-11-06, 0.375
2017-10-26, 0.0
2017-10-10, 0.0
2017-10-05, 0.008333333333333333
2017-10-04, 0.05443892045454545
2017-10-03, 0.5181202743992661
2017-10-02, 0.13125
2017-10-01, 0.2
2017-09-29, 0.0
2017-09-28, 0.00752840909090909
2017-09-27, 0.07557832792207791
2017-09-26, 0.25110085227272727
2017-09-25, -0.051927593500927245
2017-09-23, 0.0
2017-09-22, 0.25
2017-09-21, 0.15
2017-09-20, 0.02031249999999999
2017-09-19, 0.14901691783558238
2017-09-18, 0.0001519097222222222
2017-09-17, 0.25
2017-09-16, 0.0
2017-09-15, 0.040625
2017-09-14, 0.01721413352272727
2017-09-13, 0.14225852272727274
2017-09-12, 0.09288589015151516
2017-09-11, 0.0
2017-09-09, 0.11875
2017-09-08, 0.004700816761363636
2017-09-07, 0.006119791666666667
2017-09-06, 0.08759469696969698
2017-09-05, 0.004261363636363636
2017-09-04, 0.0
2017-09-03, 0.0
2017-09-01, 0.22480113636363638
2017-08-31, 0.11660452178030302
2017-08-30, 0.19675662878787878
2017-08-29, 0.02400568181818182
2017-08-28, 0.0138671875
2017-08-26, 0.0
2017-08-25, -0.3125
2017-08-24, 0.0
2017-08-23, 0.056206466212417136
2017-08-22, 0.00487213134765625
2017-08-21, 0.40729166666666666
2017-08-19, 0.2488095238095238
2017-08-18, 0.7155303030303031
2017-08-17, -0.006250000000000002
2017-08-16, 0.025
2017-08-15, 0.05676110998376623
2017-08-14, 0.0
2017-08-12, 0.0
2017-08-11, -0.0017578125
2017-08-10, 0.33238636363636365
2017-08-09, 0.011482747395833333
2017-08-08, 0.019335937499999997
2017-08-07, 0.03693181818181818
2017-08-06, 0.0
2017-08-04, 0.0
2017-08-03, 0.025
2017-08-02, 0.4875
2017-08-01, 0.0
2017-07-31, 0.02236328125
2017-07-28, 0.2287878787878788
2017-07-27, -7.99005681818149e-05
2017-07-26, 0.004785156249999999
2017-07-25, 0.1899621212121212
2017-07-24, 0.075
2017-07-23, 0.0
2017-07-22, -0.025
2017-07-21, 0.04967532467532467
2017-07-20, 0.1415053858901515
2017-07-19, 0.054261363636363635
2017-07-18, 0.07758049242424242
2017-07-17, 0.061809895833333336
2017-07-14, -0.07298768939393939
2017-07-13, 0.02348854758522727
2017-07-12, 0.18128773082386362
2017-07-11, 0.022395833333333334
2017-07-10, 0.38125
2017-07-08, 0.13636363636363635
2017-07-07, 0.12083333333333332
2017-07-06, -0.005348734743265996
2017-07-05, 0.4267252604166667
2017-07-04, 0.0
2017-07-03, 0.042045454545454546
2017-07-02, 0.0
2017-06-30, 0.0
2017-06-29, -0.0703125
2017-06-28, -0.00045975854386498885
2017-06-27, 0.01916558699174361
2017-06-26, 0.011363636363636362
2017-06-23, 0.006299603174603173
2017-06-22, 0.10625
2017-06-21, 0.30551757812499997
2017-06-20, 0.139453125
2017-06-19, 0.0015624999999999997
2017-06-18, 0.0
2017-06-16, 0.006239206140691584
2017-06-15, 0.001715850830078125
2017-06-14, -0.012500000000000004
2017-06-13, 0.17890625
2017-06-12, 0.18020833333333333
2017-06-11, 0.0
2017-06-09, 0.029622395833333332
2017-06-08, 0.5021419004960493
2017-06-07, 0.032221013849431816
2017-06-06, 0.03570146040482954
2017-06-05, -0.02025669642857143
2017-06-02, 0.017045454545454544
2017-06-01, 0.022063654119318182
2017-05-31, 0.12771310517282197
2017-05-30, 0.0
2017-05-29, 0.0
2017-05-26, 0.0
2017-05-25, 0.25
2017-05-24, 0.203125
2017-05-23, 0.0908203125
2017-05-22, 0.0013257575757575774
2017-05-20, 0.0
2017-05-19, 0.20564967429999148
2017-05-18, 0.018837679992245122
2017-05-17, 0.001065340909090909
2017-05-16, 0.2623579545454545
2017-05-15, -0.08125
2017-05-14, 0.0
2017-05-12, -0.08607954545454545
2017-05-11, 0.03239024769176136
2017-05-10, -0.06174242424242424
2017-05-09, 0.033004261363636364
2017-05-08, 0.029356060606060604
2017-05-06, 0.0
2017-05-05, 0.005357142857142857
2017-05-04, 0.0078369140625
2017-05-03, 0.05859375
2017-05-02, 0.09344985615123402
2017-05-01, 0.065625
2017-04-28, 0.05056818181818182
2017-04-27, 0.1732142857142857
2017-04-26, -0.046480429292929296
2017-04-25, 0.007167891300085819
2017-04-24, 0.025710227272727273
2017-04-23, -0.3
2017-04-22, 0.225
2017-04-21, 0.0365530303030303
2017-04-20, 0.18366815476190476
2017-04-19, 0.12246870561079545
2017-04-18, 0.5652299360795454
2017-04-17, 0.27649147727272727
2017-04-15, 0.027777777777777776
2017-04-14, 0.03125
2017-04-13, 0.13499499234286222
2017-04-12, 0.0625
2017-04-11, 0.09510281385281384
2017-04-10, 0.1953125
2017-04-08, 0.09285714285714285
2017-04-07, 0.1178740067915483
2017-04-06, 0.07120587237469561
2017-04-05, 0.03647017045454545
2017-04-04, -0.018359375
2017-04-03, 0.024147727272727272
2017-04-01, 0.03125
2017-03-31, -0.031591796875
2017-03-30, 0.0018229166666666667
2017-03-29, 0.13049242424242424
2017-03-28, -0.007575334821428571
2017-03-27, -0.1224417021780303
2017-03-26, 0.0
2017-03-25, 0.0
2017-03-24, 0.09640151515151515
2017-03-23, 0.1625
2017-03-22, 0.14375
2017-03-21, 0.046795191909327655
2017-03-20, 0.03512784090909091
2017-03-18, 0.0
2017-03-17, 0.11875
2017-03-16, 0.0
2017-03-15, 0.042045454545454546
2017-03-14, 0.06818181818181818
2017-03-13, 0.06369724025974026
2017-03-10, 0.2708333333333333
2017-03-09, 0.3375
2017-03-08, 0.06093749999999999
2017-03-07, 0.11324215430717963
2017-03-06, -0.009185606060606059
2017-03-05, 0.6
2017-03-04, -0.06666666666666667
2017-03-03, -0.07083333333333333
2017-03-02, -0.012499999999999997
2017-03-01, 0.09549153645833333
2017-02-28, 0.1125
2017-02-27, 0.1125
2017-02-26, 0.0
2017-02-25, -0.03125
2017-02-24, 0.1015625
2017-02-23, 0.0842684659090909
2017-02-22, 0.0
2017-02-21, 0.08119318181818182
2017-02-20, -0.0625
2017-02-19, -0.5
2017-02-18, -0.05965909090909091
2017-02-17, 0.004843750000000008
2017-02-16, 0.0
2017-02-15, -0.030113636363636363
2017-02-14, 0.00596590909090909
2017-02-13, -0.020738636363636348
2017-02-11, 0.0
2017-02-10, 0.25416666666666665
2017-02-09, 0.4202088327118845
2017-02-08, -0.000537109375
2017-02-07, 0.06818181818181818
2017-02-06, 0.18497795336174241
2017-02-04, -0.16666666666666666
2017-02-03, -0.012263257575757575
2017-02-02, 0.29794034090909094
2017-02-01, 0.22471590909090908
2017-01-31, 0.15626759191956183
2017-01-30, -0.042045454545454546
2017-01-29, -0.3499999999999999
2017-01-28, 0.0
2017-01-27, 0.21704545454545454
2017-01-26, 0.259375
2017-01-25, 0.07045200892857142
2017-01-24, 0.034052438446969695
2017-01-23, 0.016666666666666666
2017-01-22, 0.0
2017-01-21, 0.0
2017-01-20, 0.4
2017-01-19, 0.10270982222123581
2017-01-18, 0.017857555042613635
2017-01-17, 0.023006924715909087
2017-01-16, 0.017897727272727273
2017-01-13, 0.5113101843631629
2017-01-12, 0.0013846261160714284
2017-01-11, 0.0907619724025974
2017-01-10, 0.33443080357142857
2017-01-09, 0.05063920454545454
2017-01-07, 0.14907407407407408
2017-01-06, 0.2566465024594907
2017-01-05, 0.07527471985479797
2017-01-04, 0.45149147727272726
2017-01-03, 0.017045454545454544
2017-01-02, 0.14285714285714285
2017-01-01, 0.25
2016-12-30, 0.2
2016-12-29, 0.1465909090909091
2016-12-28, 0.3833333333333333
2016-12-27, 0.008948863636363637
2016-12-26, 0.0
2016-12-23, 0.0
2016-12-22, 0.19309303977272727
2016-12-21, 0.23618861607142858
2016-12-20, 0.008713354245580784
2016-12-19, 0.21250000000000002
2016-12-17, -0.6
2016-12-16, 0.03229166666666666
2016-12-15, 0.08391522287806392
2016-12-14, 0.025
2016-12-13, 0.041015625
2016-12-12, 0.05587871601055195
2016-12-11, 0.0
2016-12-10, 0.0
2016-12-09, 0.5360243055555556
2016-12-08, 0.12572502367424243
2016-12-07, 0.5510908138390743
2016-12-06, 0.0650592803955078
2016-12-05, 0.00830078125
2016-12-04, 0.0
2016-12-03, 0.0
2016-12-02, 0.18552820922205687
2016-12-01, 0.04648988658581117
2016-11-30, 0.2856770833333333
2016-11-29, -0.05312500000000002
2016-11-28, -0.15
2016-11-27, 0.19166666666666665
2016-11-26, 0.0
2016-11-25, 0.0
2016-11-24, 0.475
2016-11-23, 0.13263494318181818
2016-11-22, -0.05000000000000001
2016-11-21, 0.0008463541666666667
2016-11-20, 0.36111111111111116
2016-11-19, -0.08333333333333333
2016-11-18, 0.0009137485966537939
2016-11-17, 0.4310303491259378
2016-11-16, 0.29093408584594727
2016-11-15, -0.013072485842488029
2016-11-14, -0.15625
2016-11-13, 0.19375
2016-11-12, 0.0
2016-11-11, 0.031249999999999997
2016-11-10, 0.1282470703125
2016-11-09, -0.035699801974826396
2016-11-08, 0.11202392578125
2016-11-07, 0.07086055309741528
2016-11-06, 0.06818181818181818
2016-11-05, 0.0
2016-11-04, 0.0058956428810402195
2016-11-03, 0.020075178347051345
2016-11-02, 0.001003265380859375
2016-11-01, -0.20311599885574494
2016-10-31, 0.1328125
2016-10-30, 0.0
2016-10-29, 0.0
2016-10-28, 0.14619140625
2016-10-27, -0.0018951443171640742
2016-10-26, -0.10927345969460227
2016-10-25, 0.05680909493956903
2016-10-24, 0.2630547417534722
2016-10-22, -0.0125
2016-10-21, -0.052236949485789816
2016-10-20, 0.06730215621717049
2016-10-19, 0.1925811767578125
2016-10-18, 0.007210054387261857
2016-10-17, 0.12522352738813922
2016-10-16, 0.15234375
2016-10-15, 0.025213623046875
2016-10-14, 0.14795156692529654
2016-10-13, -0.04739583333333333
2016-10-12, 0.008546921701142282
2016-10-11, 0.00924503531026527
2016-10-10, 0.0075372869318181815
2016-10-09, 0.0
2016-10-08, 0.0028409090909090906
2016-10-07, 0.012953539006412029
2016-10-06, 0.014459291972150113
2016-10-05, 0.1751097208282147
2016-10-04, 0.0024580536935845335
2016-10-03, 0.0002636764988754735
2016-10-02, 0.17329545454545453
2016-10-01, 0.014772727272727272
2016-09-30, 0.149314740358235
2016-09-29, 0.11120594794099982
2016-09-28, 0.3923923792777123
2016-09-27, 0.13263103048066227
2016-09-26, 0.06676440334108352
2016-09-25, 0.00703125
2016-09-24, 0.1332338169642857
2016-09-23, 0.1291347557486081
2016-09-22, 0.27593280742694803
2016-09-21, 0.10669642857142857
2016-09-20, 0.039947381177849926
2016-09-19, 0.762418280067769
2016-09-18, 0.12109375
2016-09-17, 0.0
2016-09-16, 0.009033203125
2016-09-15, 0.22200397529987376
2016-09-14, 0.0409785068396366
2016-09-13, 0.3284897016756463
2016-09-12, 0.27713068181818185
2016-09-11, 0.5
2016-09-10, 0.048829816017316015
2016-09-09, 0.32170188210227274
2016-09-08, 0.0895516366669626
2016-09-07, -0.01061419862689394
2016-09-06, 0.0
2016-09-05, 0.016335227272727272
2016-09-04, 0.03409090909090909
2016-09-03, 0.675
2016-09-02, 0.0010690400094696961
2016-09-01, 0.06245114393908568
2016-08-31, -0.03555501302083333
2016-08-30, 0.12101387255119556
2016-08-29, -0.004296875000000001
2016-08-28, 0.0
2016-08-27, 0.0
2016-08-26, 0.14453061421712238
2016-08-25, -0.018719482421875
2016-08-24, 0.015690104166666666
2016-08-23, 0.008522727272727272
2016-08-22, 0.009821428571428571
2016-08-21, 0.16666666666666666
2016-08-20, 0.025
2016-08-19, 0.17604166666666665
2016-08-18, -0.03675013950892857
2016-08-17, 0.000657145182291667
2016-08-16, 0.17492577138573234
2016-08-15, 0.00052490234375
2016-08-14, -0.1
2016-08-13, 0.05
2016-08-12, 0.3666903409090909
2016-08-11, 0.020312500000000004
2016-08-09, 0.2852704288983586
2016-08-08, -0.00390625
2016-08-07, -0.19166666666666665
2016-08-06, 0.0
2016-08-05, 0.43457073525432904
2016-08-04, 0.13082386363636367
2016-08-03, 0.43125
2016-08-02, 0.04039698514071378
2016-08-01, 0.033444092490456316
2016-07-31, 0.0
2016-07-30, 0.25
2016-07-29, 0.10484375
2016-07-28, 0.12307072657978896
2016-07-27, 0.13392857142857142
2016-07-26, 0.0011394682384672618
2016-07-25, -0.11015625000000001
2016-07-24, -0.05
2016-07-23, 0.0
2016-07-22, 0.03369289961728183
2016-07-21, 0.06913322679924243
2016-07-20, 0.0815711241883117
2016-07-19, 0.015611683238636364
2016-07-18, 0.015293560606060606
2016-07-16, 0.0
2016-07-15, -0.02165095300385446
2016-07-14, 0.16666666666666666
2016-07-13, 0.05
2016-07-12, 0.15044241240530304
2016-07-11, 0.06779119318181817
2016-07-10, 0.13333333333333333
2016-07-09, 0.0
2016-07-08, 0.037500000000000006
2016-07-07, 0.0
2016-07-06, 0.11817054473304472
2016-07-05, -0.03125
2016-07-04, -0.15
2016-07-03, 0.0
2016-07-02, -0.1634469696969697
2016-07-01, 0.0304733122238005
2016-06-30, -0.15
2016-06-29, 0.017081705729166667
2016-06-28, 0.2563811735673384
2016-06-27, -0.15
2016-06-26, -0.2318181818181818
2016-06-25, 0.03409090909090909
2016-06-24, 0.011550071022727272
2016-06-23, 0.06103515625
2016-06-22, 0.38525390625
2016-06-21, 0.0938629150390625
2016-06-20, 0.022670200892857144
2016-06-19, 0.0
2016-06-18, -0.109375
2016-06-17, 0.06801708340644835
2016-06-16, 0.08168080647786458
2016-06-15, 0.08867187500000001
2016-06-14, 0.06213600852272727
2016-06-13, 0.0022155439838616535
2016-06-12, 0.055
2016-06-11, 0.0
2016-06-10, 0.1488568722943723
2016-06-09, 0.06113392223011364
2016-06-08, 0.3140020175413652
2016-06-07, 0.29730943622011125
2016-06-06, 0.001129150390625
2016-06-05, 0.55
2016-06-04, 0.0
2016-06-03, 0.037500000000000006
2016-06-02, 0.25080533266067506
2016-06-01, 0.017379783517655477
2016-05-31, 0.0022727272727272717
2016-05-30, 0.0
2016-05-29, 0.2
2016-05-28, 0.0
2016-05-27, 0.6
2016-05-26, 0.05361713084307584
2016-05-25, 0.14075510660807292
2016-05-24, 0.12836075599747473
2016-05-23, -0.196337890625
2016-05-22, 0.125
2016-05-21, -0.003125
2016-05-20, 0.23281249999999998
2016-05-19, -0.005246671040852865
2016-05-18, 0.002859490464776109
2016-05-17, 0.02061434659090909
2016-05-16, 0.11525974025974026
2016-05-14, 0.0
2016-05-13, 0.14190590598366476
2016-05-12, 0.15949164496527776
2016-05-11, 0.15651105726608122
2016-05-10, 0.011801968198834042
2016-05-09, 0.008522727272727272
2016-05-08, 0.0
2016-05-06, 0.125
2016-05-05, 0.140625
2016-05-04, -0.01722412109374999
2016-05-03, 0.0011664848823051948
2016-05-02, -7.2337962962963e-05
2016-05-01, 0.0
2016-04-30, 0.25357142857142856
2016-04-29, -0.0074218750000000005
2016-04-28, 0.0078125
2016-04-27, 0.03409090909090909
2016-04-26, 0.209375
2016-04-25, 0.06704545454545455
2016-04-24, -0.6
2016-04-23, 0.1590909090909091
2016-04-22, 0.020241477272727272
2016-04-21, 0.014541903409090909
2016-04-20, 0.2803819444444444
2016-04-19, -0.009375000000000001
2016-04-18, 0.0
2016-04-17, 0.5583333333333333
2016-04-16, 0.455
2016-04-15, 0.0409375
2016-04-14, 0.002130681818181818
2016-04-13, 0.033472419507575756
2016-04-12, 0.0007888273759321734
2016-04-11, 0.058522727272727275
2016-04-10, -0.24270833333333333
2016-04-09, 0.1590909090909091
2016-04-08, 0.01864013671875
2016-04-07, -0.018512887665719704
2016-04-06, 0.02583376797762784
2016-04-05, 0.26218280214251893
2016-04-04, 0.26372432002314816
2016-04-02, 0.0
2016-04-01, 0.0340668266469782
2016-03-31, 0.061696894963582355
2016-03-30, 0.07747926037720959
2016-03-29, 0.0177734375
2016-03-28, 0.0625
2016-03-27, 0.0
2016-03-26, 0.0
2016-03-25, 0.09635416666666667
2016-03-24, 0.23078772804953834
2016-03-23, 0.42999230587121207
2016-03-22, 0.01396484375
2016-03-21, -0.025482254798966195
2016-03-20, -0.021875
2016-03-19, 0.25
2016-03-18, 0.11592497825622558
2016-03-17, -0.09287775213068182
2016-03-16, 0.0010535037878787882
2016-03-15, 0.09863447709517045
2016-03-14, 0.0703125
2016-03-13, 0.4
2016-03-12, 0.015972222222222224
2016-03-11, 0.13125880385890154
2016-03-10, 0.03914334978376116
2016-03-09, -0.015577651515151517
2016-03-08, 0.021335636711481844
2016-03-07, 0.038174715909090905
2016-03-06, 0.0
2016-03-05, 0.0
2016-03-04, 0.2152409871419271
2016-03-03, 0.5694510777791342
2016-03-02, 0.019148639717487374
2016-03-01, -0.05162217881944445
2016-02-29, 0.02071847626657197
2016-02-28, 0.06818181818181818
2016-02-27, 0.10416666666666667
2016-02-26, 0.13405219184027778
2016-02-25, 0.3339964124891493
2016-02-24, -0.009009997049967449
2016-02-23, -0.00443115234375
2016-02-22, -0.00078125
2016-02-21, 0.4
2016-02-20, 0.0625
2016-02-19, -0.014719063895089285
2016-02-18, 0.037047230113636365
2016-02-17, 0.43803429073757594
2016-02-16, 0.14398758793290042
2016-02-15, 0.31413690476190476
2016-02-14, 0.08333333333333333
2016-02-13, 0.0
2016-02-12, 0.38357747395833336
2016-02-11, 0.013267008463541664
2016-02-10, 0.06962910353535354
2016-02-09, 0.1356702961446919
2016-02-08, 0.01508739741161616
2016-02-07, 0.0
2016-02-06, 0.06640625
2016-02-05, 0.1237020781545928
2016-02-04, 0.15089357219217142
2016-02-03, 0.1446599786931818
2016-02-02, 0.0540682705965909
2016-02-01, 0.13880208333333333
2016-01-31, 0.7
2016-01-30, 0.029545454545454545
2016-01-29, -0.01237594960915922
2016-01-28, -0.05878083970811633
2016-01-27, 0.23526785714285714
2016-01-26, 0.10031814575195311
2016-01-25, -0.015491092566287876
2016-01-24, -0.18181818181818182
2016-01-23, 0.038014914772727275
2016-01-22, 0.09139404296875
2016-01-21, 0.007263857523600259
2016-01-20, 0.10531727183948864
2016-01-19, -0.0010833740234375
2016-01-18, 0.09707919034090909
2016-01-16, -0.3999999999999999
2016-01-15, 0.006640625000000001
2016-01-14, -0.014097733931107956
2016-01-13, 0.10822906494140626
2016-01-12, 0.10898946126302082
2016-01-11, -0.00625
2016-01-10, 0.08977272727272727
2016-01-09, 0.0
2016-01-08, -0.03125
2016-01-07, 0.1125
2016-01-06, 0.011452414772727272
2016-01-05, 0.062483723958333334
2016-01-04, 0.03104450350457972
2016-01-03, 0.13636363636363635
2016-01-02, 0.5
2016-01-01, 0.0
2015-12-31, 0.2505458022608901
2015-12-30, 0.2197265625
2015-12-29, 0.17516978870738636
2015-12-28, 0.4
2015-12-27, 0.25
2015-12-26, 0.0
2015-12-25, 0.0
2015-12-24, 0.004919664166641958
2015-12-23, 0.0016413023977568653
2015-12-22, 0.023774048776337594
2015-12-21, 0.010174152104541508
2015-12-19, 0.0
2015-12-18, 0.0020426432291666668
2015-12-17, 0.0014095777152764678
2015-12-16, 0.14746323783761137
2015-12-15, 0.05731815197694042
2015-12-14, 0.02018643784101563
2015-12-13, -0.041666666666666664
2015-12-11, 0.0296875
2015-12-10, 0.1766379313256456
2015-12-09, 0.25519664876904585
2015-12-08, 0.11730609138463258
2015-12-07, 0.0017300027789491595
2015-12-06, 0.07367424242424242
2015-12-05, 0.3
2015-12-04, 0.05596147017045454
2015-12-03, 0.25012985912467367
2015-12-02, 0.045570148121226915
2015-12-01, 0.017887739701704545
2015-11-30, 0.3319166833704168
2015-11-29, 0.07708333333333334
2015-11-27, 0.016666666666666666
2015-11-26, 0.1
2015-11-25, 0.041666666666666664
2015-11-24, 0.16666666666666666
2015-11-23, -0.04765625
2015-11-22, 0.08125
2015-11-21, 0.0
2015-11-20, 0.25
2015-11-19, -0.12638888888888888
2015-11-18, 0.06818181818181818
2015-11-17, 0.046875
2015-11-16, 0.0
2015-11-14, -0.125
2015-11-13, 0.25
2015-11-12, 0.0
2015-11-11, 0.25
2015-11-10, 0.5
2015-11-09, 0.0
2015-11-08, 0.0
2015-11-06, 0.22954545454545455
2015-11-05, 0.07315340909090909
2015-11-04, 0.05789973410917345
2015-11-03, 0.18950388665000556
2015-11-02, -0.00034884512424469
2015-11-01, 0.45
2015-10-31, 0.2
2015-10-30, 0.125
2015-10-29, 0.061336167460740214
2015-10-28, 0.1133883114371981
2015-10-27, 0.2636439804055474
2015-10-26, 0.002287374223981585
2015-10-25, 0.625
2015-10-23, 0.375
2015-10-22, 0.06237996419270833
2015-10-21, 0.125
2015-10-20, 0.07604166666666667
2015-10-19, 0.07954545454545454
2015-10-17, -0.6
2015-10-16, 0.0
2015-10-15, 0.003298611111111111
2015-10-14, -0.2
2015-10-13, 0.29690985746713944
2015-10-12, 0.0
2015-10-09, 0.08914141414141415
2015-10-08, 0.0
2015-10-07, 0.0002909342447916667
2015-10-06, -0.12916666666666668
2015-10-05, 0.13636363636363635
2015-10-04, 0.0028409090909090884
2015-10-03, -0.8
2015-10-02, 0.0
2015-10-01, 0.0716796875
2015-09-30, 0.0
2015-09-29, -0.01145833333333333
2015-09-28, 0.25
2015-09-26, -0.25
2015-09-25, 0.017045454545454544
2015-09-24, 0.0
2015-09-23, 0.0
2015-09-22, 0.3
2015-09-21, 0.17060309516059027
2015-09-20, 0.3181818181818182
2015-09-19, 0.14985795454545456
2015-09-18, 0.008797200520833333
2015-09-17, -0.0005079532663027445
2015-09-16, 0.1134095357552694
2015-09-15, 0.029948569789077294
2015-09-14, 0.0740327380952381
2015-09-11, 0.027840909090909086
2015-09-10, 0.025
2015-09-09, 0.0
2015-09-08, 0.11079545454545456
2015-09-07, 0.0
2015-09-04, 0.0
2015-09-03, 0.0
2015-09-02, 0.0011718749999999993
2015-09-01, 0.02228732638888889
2015-08-31, 0.0
2015-08-30, 0.15
2015-08-29, 0.0
2015-08-28, 0.06818181818181818
2015-08-27, 0.0
2015-08-26, -0.2
2015-08-25, 0.09375
2015-08-24, 0.0
2015-08-21, 0.0
2015-08-20, 0.13267834595959593
2015-08-19, 0.020707194010416666
2015-08-18, 0.03238636363636364
2015-08-17, 0.004427083333333333
2015-08-16, 0.1
2015-08-15, 0.0
2015-08-14, 0.0
2015-08-13, 0.0625
2015-08-12, 0.06441169507575757
2015-08-11, 0.006392045454545454
2015-08-10, 0.01875
2015-08-09, 0.0
2015-08-07, 0.00054931640625
2015-08-06, 0.5575487012987013
2015-08-05, 0.09870288403003247
2015-08-04, 0.22526633522727274
2015-08-03, 0.1875
2015-08-01, 0.0
2015-07-31, 0.0
2015-07-30, 0.010924460671164772
2015-07-29, 0.002746458727904038
2015-07-28, 0.1453125
2015-07-27, 0.061576704545454566
2015-07-25, 0.0
2015-07-24, 0.25
2015-07-23, 0.07070312499999999
2015-07-22, 0.02291666666666667
2015-07-21, 0.16828835227272726
2015-07-20, 0.2291015625
2015-07-16, 0.11349431818181818
2015-07-15, 0.14240056818181818
2015-07-14, 0.068359375
2015-07-13, 0.12118807705965909
2015-07-12, -0.1
2015-07-11, 0.1268939393939394
2015-07-10, 0.004261363636363636
2015-07-09, 0.15625034539891786
2015-07-08, 0.2554762750270563
2015-07-07, 0.11213748816287877
2015-07-06, 0.0
2015-07-05, 0.0
2015-07-02, 0.06988636363636364
2015-07-01, 0.1859375
2015-06-30, 0.03256944444444444
2015-06-29, 0.30859375
2015-06-28, 0.0
2015-06-27, 0.04375
2015-06-26, 0.07898234577922078
2015-06-25, 0.052856306596235796
2015-06-24, 0.005570845170454545
2015-06-23, 0.2535590277777778
2015-06-22, 0.010179281418008678
2015-06-21, -0.4
2015-06-20, 0.011126893939393938
2015-06-19, 0.0
2015-06-18, 0.05775895552201705
2015-06-17, 0.017885150331439392
2015-06-16, -0.04957386363636364
2015-06-15, 0.041666666666666664
2015-06-13, 0.0
2015-06-12, 0.12306547619047618
2015-06-11, 0.015625
2015-06-10, 0.12309895833333334
2015-06-09, 0.11285511363636364
2015-06-08, 0.058333333333333334
2015-06-05, 0.13333333333333333
2015-06-04, 0.004474431818181818
2015-06-03, 0.2393536931818182
2015-06-02, 0.05926081339518229
2015-06-01, -0.10303368506493507
2015-05-31, 0.0
2015-05-30, 0.10714285714285714
2015-05-29, 0.0027841660654160634
2015-05-28, 0.017417214133522728
2015-05-27, 0.26058571555397725
2015-05-26, -0.1859375
2015-05-25, 0.04545454545454545
2015-05-24, 0.0
2015-05-23, 0.0
2015-05-22, -0.009226481119791664
2015-05-21, -0.04023948052916864
2015-05-20, 0.030071185127137204
2015-05-19, 0.0891064522483132
2015-05-18, -0.29235716540404044
2015-05-16, 0.10833333333333334
2015-05-15, -0.00390625
2015-05-14, 0.1
2015-05-13, 0.027691729657061688
2015-05-12, 0.04359019886363636
2015-05-11, 0.0002197265625000001
2015-05-10, 0.3125
2015-05-09, 0.0
2015-05-08, 0.07578125
2015-05-07, 0.008840110085227271
2015-05-06, -0.15689440086483958
2015-05-05, 0.4357462565104167
2015-05-04, 0.1604285037878788
2015-05-03, 0.0
2015-05-02, 0.0
2015-05-01, 0.3366477272727273
2015-04-30, 0.17045971010326477
2015-04-29, 0.09372350519353694
2015-04-28, 0.1345703125
2015-04-27, 0.25
2015-04-25, 0.25
2015-04-24, 0.27160866477272727
2015-04-23, -0.011150321575126264
2015-04-22, 0.14122437316101866
2015-04-21, 0.0171875
2015-04-20, -0.030374053030303036
2015-04-19, 0.125
2015-04-17, -0.007954545454545457
2015-04-16, -0.008065795898437499
2015-04-15, 0.2791666666666667
2015-04-14, 0.00031960227272727175
2015-04-13, 0.0
2015-04-12, -0.04583333333333334
2015-04-11, 0.01704497770829634
2015-04-10, 0.025
2015-04-09, 0.02150213068181818
2015-04-08, 0.0014559659090909094
2015-04-07, 0.07315340909090909
2015-04-06, 0.023003472222222224
2015-04-05, -0.02509469696969695
2015-04-04, 0.5166666666666667
2015-04-03, -0.0013020833333333333
2015-04-02, 0.018791060014204546
2015-04-01, 0.068275890767775
2015-03-31, 0.27981770833333336
2015-03-30, 0.1145370945785985
2015-03-29, 0.0
2015-03-28, 0.16145833333333334
2015-03-27, 0.028921090438424422
2015-03-26, 0.17165120442708331
2015-03-25, -0.0453125
2015-03-24, 0.18543542639001623
2015-03-23, 0.047931463068181815
2015-03-22, 0.0
2015-03-21, 0.0
2015-03-20, 0.04036458333333333
2015-03-19, 0.01975652521306818
2015-03-18, 0.1001983642578125
2015-03-17, 0.017151988636363635
2015-03-16, 0.004261363636363636
2015-03-15, 0.0
2015-03-14, 0.0
2015-03-13, 0.002130681818181818
2015-03-12, 0.016666666666666666
2015-03-11, 0.0281097412109375
2015-03-10, 0.20813802083333333
2015-03-09, 0.584197751440183
2015-03-08, 0.023611111111111104
2015-03-07, 0.8
2015-03-06, 0.03125
2015-03-05, 0.0775005918560606
2015-03-04, -0.0024147727272727307
2015-03-03, 0.03409090909090909
2015-03-02, 0.13647186147186147
2015-03-01, 0.0
2015-02-27, 0.05
2015-02-26, 0.002920809659090909
2015-02-25, 0.1573330965909091
2015-02-24, 0.04176136363636364
2015-02-23, 0.0
2015-02-20, 0.007341269841269836
2015-02-19, 0.2676846590909091
2015-02-18, 0.018229166666666668
2015-02-17, 0.12091619318181818
2015-02-16, 0.2340909090909091
2015-02-15, 0.0
2015-02-13, -0.015625
2015-02-12, 0.2723879419191919
2015-02-11, 0.18068181818181817
2015-02-10, 0.0
2015-02-09, 0.016840277777777773
2015-02-06, 0.0
2015-02-05, 0.009375
2015-02-04, 0.08424084595959595
2015-02-03, 0.06287878787878787
2015-02-02, 0.008072916666666666
2015-02-01, 0.0
2015-01-31, 0.0
2015-01-30, 0.4083333333333333
2015-01-29, 0.05
2015-01-28, 0.2625
2015-01-27, 0.14742937184343435
2015-01-26, 0.0
2015-01-25, 0.4
2015-01-24, 0.0
2015-01-23, 0.0
2015-01-22, -0.09573863636363636
2015-01-21, 0.125
2015-01-20, -0.08130967881944445
2015-01-19, 0.025
2015-01-18, 0.275
2015-01-16, 0.0
2015-01-15, 0.03494318181818182
2015-01-14, 0.027604166666666666
2015-01-13, -0.06753472222222223
2015-01-12, 0.26704545454545453
2015-01-08, 0.004166666666666667
2015-01-07, -0.19642857142857142
2015-01-06, 0.016666666666666663
2015-01-05, 0.0
2015-01-04, 0.10714285714285714
2015-01-03, 0.0
2015-01-02, 0.0
2015-01-01, 0.2
2014-12-31, -0.5
2014-12-29, 0.13333333333333336
2014-12-26, -0.125
2014-12-23, 0.3203125
2014-12-22, 0.2125
2014-12-21, 0.0
2014-12-19, 0.00390625
2014-12-18, -0.00390625
2014-12-17, 0.00019531249999999996
2014-12-16, -0.027083333333333334
2014-12-15, -0.05
2014-12-13, 0.0
2014-12-12, 0.017045454545454544
2014-12-11, 0.0150390625
2014-12-10, 0.009375
2014-12-09, 0.0
2014-12-08, -0.07421875
2014-12-07, 0.0
2014-12-06, 0.0
2014-12-05, -0.013541666666666667
2014-12-04, 0.1375
2014-12-03, -0.0078125
2014-12-02, 0.2
2014-12-01, 0.0035353535353535304
2014-11-30, 0.11805555555555554
2014-11-26, 0.03402777777777778
2014-11-25, 0.0505952380952381
2014-11-24, 0.013541666666666667
2014-11-23, 0.0
2014-11-22, 0.0
2014-11-21, 0.0
2014-11-20, 0.09166666666666667
2014-11-19, -0.18327034940623274
2014-11-18, -0.04791666666666667
2014-11-17, 0.024166666666666666
2014-11-14, 0.125
2014-11-13, 0.04886363636363636
2014-11-12, 0.06222478693181818
2014-11-11, 0.017045454545454544
2014-11-10, 0.17400568181818182
2014-11-07, -0.15000000000000002
2014-11-06, 0.13636363636363635
2014-11-05, 0.012073863636363636
2014-11-04, 0.01608541469381313
2014-11-03, 0.042980587121212124
2014-11-02, 0.125
2014-11-01, 0.017045454545454544
2014-10-31, 0.05938007305194805
2014-10-29, 0.07518939393939394
2014-10-28, 0.1689453125
2014-10-27, 0.05
2014-10-26, 0.0
2014-10-24, 0.1
2014-10-23, 0.0
2014-10-22, 0.11822916666666666
2014-10-21, 0.0
2014-10-20, 0.05725
2014-10-19, 0.3
2014-10-18, 0.15
2014-10-17, 0.004847301136363636
2014-10-16, 0.3057528409090909
2014-10-15, 0.010997425426136364
2014-10-14, 0.01671769938943706
2014-10-13, 6.366046992215243e-05
2014-10-12, 0.016311553030303037
2014-10-10, -0.04360795454545455
2014-10-09, 0.025606229707792208
2014-10-08, 0.06574754591112013
2014-10-07, 0.12926136363636365
2014-10-06, 0.0
2014-10-05, 0.2
2014-10-03, 0.0625
2014-10-02, 0.05
2014-10-01, 0.06676136363636363
2014-09-30, 0.035384114583333334
2014-09-29, 0.0440789733270202
2014-09-28, 0.0
2014-09-26, 0.125
2014-09-25, 0.0
2014-09-24, 0.06740056818181818
2014-09-23, 0.057808061079545454
2014-09-22, 0.15
2014-09-21, 0.0
2014-09-20, 2.7755575615628914e-17
2014-09-19, 0.03579545454545455
2014-09-18, -0.06664496527777777
2014-09-17, 0.04440104166666667
2014-09-16, 0.15260416666666668
2014-09-15, 0.325
2014-09-14, 0.0
2014-09-13, 0.0
2014-09-12, 0.022727272727272724
2014-09-11, -0.018467881944444448
2014-09-10, -0.030840139678030308
2014-09-09, 0.048582504734848486
2014-09-08, 0.1603515625
2014-09-07, 0.0
2014-09-06, 0.1
2014-09-04, 0.3338271103896104
2014-09-03, 0.05234375
2014-09-02, 0.00902777777777778
2014-08-31, 0.0
2014-08-30, 0.0
2014-08-29, -0.17727272727272725
2014-08-28, 0.2174242424242424
2014-08-27, 0.16041666666666668
2014-08-26, 0.03792613636363636
2014-08-25, 0.03125
2014-08-23, 0.2916666666666667
2014-08-22, 0.0
2014-08-21, 0.01015625
2014-08-20, 0.125
2014-08-18, -0.00625
2014-08-16, 0.0
2014-08-15, 0.12499999999999999
2014-08-14, 0.06406250000000001
2014-08-13, 0.03409090909090909
2014-08-12, 0.0
2014-08-11, -0.17023809523809522
2014-08-10, 0.0
2014-08-08, -0.14583333333333334
2014-08-07, -0.0576388888888889
2014-08-06, -0.011631944444444448
2014-08-05, 0.06666666666666667
2014-08-04, 0.0
2014-08-03, -0.125
2014-08-02, 0.25
2014-08-01, 0.1809659090909091
2014-07-31, 0.36190814393939397
2014-07-30, 0.046875
2014-07-29, 0.290530303030303
2014-07-28, 0.19796401515151513
2014-07-27, 0.0
2014-07-26, 0.0
2014-07-25, 0.0
2014-07-24, 0.02395833333333333
2014-07-23, 0.20416666666666666
2014-07-22, -0.008333333333333335
2014-07-21, 0.03333333333333333
2014-07-20, 0.06439393939393939
2014-07-19, 0.0
2014-07-18, 0.1
2014-07-17, 0.175
2014-07-16, 0.043087121212121215
2014-07-15, 0.010714285714285711
2014-07-14, 0.0
2014-07-13, 0.0
2014-07-12, 0.0
2014-07-11, 0.012766335227272729
2014-07-10, 0.0
2014-07-09, 0.0
2014-07-08, -0.0111328125
2014-07-07, 0.024147727272727272
2014-07-06, 0.4
2014-07-05, 0.0
2014-07-04, 0.016666666666666666
2014-07-03, 0.017045454545454544
2014-07-02, 0.09999999999999999
2014-07-01, 0.0
2014-06-30, 0.06818181818181818
2014-06-27, 0.10714285714285714
2014-06-26, 0.0092529296875
2014-06-25, 0.0
2014-06-24, 0.0
2014-06-23, 0.008333333333333333
2014-06-22, 0.35
2014-06-20, 0.0625
2014-06-19, 0.0
2014-06-18, 0.0
2014-06-17, 0.20052083333333331
2014-06-16, 0.028125
2014-06-15, 0.0
2014-06-14, 0.0
2014-06-13, -0.03125
2014-06-12, 0.03409090909090909
2014-06-11, 0.1
2014-06-10, 0.0015625
2014-06-09, -0.03333333333333333
2014-06-08, 0.0
2014-06-06, 0.0
2014-06-05, -0.09166666666666667
2014-06-04, 0.0
2014-06-03, 0.038778409090909086
2014-06-02, 0.075
2014-05-30, 0.00014204545454545448
2014-05-29, -0.014257693290710458
2014-05-28, 0.07493574134199135
2014-05-27, -0.15
2014-05-26, 0.0
2014-05-24, 0.45
2014-05-23, 0.16079545454545455
2014-05-22, 0.012784090909090908
2014-05-21, 0.0
2014-05-20, -0.00039062499999999997
2014-05-19, 0.007291666666666667
2014-05-18, 0.0
2014-05-17, 0.0
2014-05-15, 0.071875
2014-05-14, 0.17500000000000002
2014-05-13, 0.0
2014-05-12, 0.0
2014-05-11, 0.125
2014-05-08, 0.25
2014-05-07, 0.1875
2014-05-06, 0.05
2014-05-05, 0.0
2014-05-04, 0.5
2014-05-02, 0.0
2014-05-01, 0.0010416666666666667
2014-04-30, 0.03513257575757576
2014-04-29, -0.008333333333333335
2014-04-28, 0.02039366883116883
2014-04-26, 0.0
2014-04-24, 0.0625
2014-04-23, 0.053125000000000006
2014-04-22, 0.16454545454545455
2014-04-21, 0.0
2014-04-18, 0.15
2014-04-17, 0.25
2014-04-16, 0.05
2014-04-14, 0.2793560606060606
2014-04-11, 0.09886363636363636
2014-04-10, 0.0
2014-04-09, 0.0
2014-04-08, -0.03333333333333334
2014-04-07, -0.6
2014-04-06, -0.05
2014-04-05, 0.0
2014-04-04, 0.36818181818181817
2014-04-03, 0.07556818181818181
2014-04-02, 0.06631944444444444
2014-04-01, 0.07978219696969696
2014-03-31, 0.00390625
2014-03-28, -0.03125
2014-03-27, -0.05
2014-03-26, 0.03756510416666667
2014-03-25, 0.28714451645359845
2014-03-24, -0.0625
2014-03-23, 0.0
2014-03-22, 0.2
2014-03-21, 0.15429292929292926
2014-03-20, -0.0125
2014-03-19, 0.06647727272727272
2014-03-18, 0.10208333333333333
2014-03-17, 0.016666666666666666
2014-03-16, 0.0
2014-03-14, 0.25123697916666665
2014-03-13, 0.2734375
2014-03-12, 0.225
2014-03-11, 0.13385416666666666
2014-03-10, 0.25049603174603174
2014-03-07, 0.0625
2014-03-06, -0.1125
2014-03-05, -0.2
2014-03-04, 0.14273989898989897
2014-03-03, 0.03125
2014-03-02, 0.0
2014-03-01, 0.19285714285714284
2014-02-28, -0.125
2014-02-27, 0.12976190476190477
2014-02-26, -0.004464285714285712
2014-02-25, 0.18371212121212122
2014-02-24, 0.004261363636363636
2014-02-21, 0.2
2014-02-20, 0.09375
2014-02-19, 0.006628787878787879
2014-02-18, 0.0
2014-02-17, 0.0
2014-02-16, -0.2107142857142857
2014-02-15, 0.0
2014-02-13, 0.0
2014-02-12, 0.00555555555555555
2014-02-11, 0.125
2014-02-10, 0.0
2014-02-08, 0.275
2014-02-07, -0.2625
2014-02-06, 0.0
2014-02-05, 0.0
2014-02-04, 0.1
2014-02-03, 0.2090909090909091
2014-02-02, 0.10714285714285714
2014-02-01, 0.03333333333333333
2014-01-31, 0.0
2014-01-30, 0.08333333333333333
2014-01-29, -0.0625
2014-01-28, 0.012500000000000002
2014-01-27, 0.35
2014-01-26, 0.23125
2014-01-25, 0.1
2014-01-24, 0.0375
2014-01-23, 0.0334832702020202
2014-01-22, 0.33137626262626263
2014-01-21, -0.1159090909090909
2014-01-20, 0.125
2014-01-19, 0.0
2014-01-18, 0.0
2014-01-17, -0.03181818181818183
2014-01-16, 0.4708806818181818
2014-01-15, 0.19166666666666665
2014-01-14, 0.1875
2014-01-13, 0.0
2014-01-12, 0.0
2014-01-11, 0.5
2014-01-10, 0.0
2014-01-09, 0.13020833333333331
2014-01-08, 0.01065340909090909
2014-01-07, -0.2
2014-01-06, -0.2
2014-01-03, 0.0
2014-01-02, 0.35
